Anexo VI;;;;
Portaria Interministerial MEC/MF nº 14, de 29 de dezembro de 2025;;;;
Redes de Ensino Beneficiadas e Valores Distribuídos - Complementação da União-VAAR Ano de 2026 (art. 16, inciso VIII, da Lei nº 14.113/2020);;;;
;;;;
UF;Ente Federado;Código IBGE;" Coeficientes de distribuição da complementação
da União-VAAR "; Complementação da União-VAAR (R$) 
RS;ACEGUA;4300034;0,000036632777;275.702,60
RS;AJURICABA;4300208;0,000058348180;439.135,29
RS;ALECRIM;4300307;0,000018697597;140.720,3
RS;ALEGRIA;4300455;0,000032697351;246.084,12
RS;ALPESTRE;4300505;0,000071844772;540.712,23
RS;ALTO ALEGRE;4300554;0,000006420328;48.320,2
RS;ALTO FELIZ;4300570;0,000041028483;308.785,21
RS;ANTA GORDA;4300703;0,000013549793;101.977,34
RS;ARATIBA;4300901;0,000067944417;511.357,70
RS;ARROIO DO MEIO;4301008;0,000315128616;2.371.695,15
RS;ARROIO DO TIGRE;4301206;0,000125384749;943.660,42
RS;ARROIO GRANDE;4301305;0,000120123574;904.064,19
RS;BARAO DE COTEGIPE;4301701;0,000029514729;222.131,33
RS;BARRA DO GUARITA;4301859;0,000044182874;332.525,52
RS;BARRA DO RIBEIRO;4301909;0,000076663370;576.977,57
RS;BARRACAO;4301800;0,000059225947;445.741,47
RS;BARROS CASSAL;4302006;0,000073313677;551.767,39
RS;BENJAMIN CONSTANT DO SUL;4302055;0,000012694926;95.543,51
RS;BOA VISTA DAS MISSOES;4302154;0,000027987165;210.634,71
RS;BOA VISTA DO BURICA;4302204;0,000044486209;334.808,5
RS;BOA VISTA DO CADEADO;4302220;0,000029008154;218.318,79
RS;BOM PROGRESSO;4302378;0,000013336087;100.368,96
RS;BOM RETIRO DO SUL;4302402;0,000164087276;1.234.940,20
RS;BOZANO;4302584;0,000008179973;61.563,4
RS;BROCHIER;4302659;0,000048664008;366.251,07
RS;BUTIA;4302709;0,000212743904;1.601.135,73
RS;CACHOEIRINHA;4303103;0,001347622917;10.142.369,11
RS;CAIBATE;4303301;0,000041546983;312.687,50
RS;CAICARA;4303400;0,000004948725;37.244,69
RS;CAMARGO;4303558;0,000017834244;134.222,6
RS;CAMPINA DAS MISSOES;4303707;0,000059537571;448.086,8
RS;CAMPINAS DO SUL;4303806;0,000020098605;151.264,5
RS;CAMPO BOM;4303905;0,000457794079;3.445.412,27
RS;CAMPO NOVO;4304002;0,000047075807;354.298,08
RS;CAMPOS BORGES;4304101;0,000035459036;266.868,89
RS;CANDELARIA;4304200;0,000251193787;1.890.514,09
RS;CANDIDO GODOI;4304309;0,000055116629;414.814,25
RS;CANELA;4304408;0,000256400290;1.929.698,84
RS;CANGUCU;4304507;0,000454067441;3.417.365,15
RS;CANUDOS DO VALE;4304614;0,000019573710;147.314,05
RS;CAPAO BONITO DO SUL;4304622;0,000027475033;206.780,34
RS;CARAA;4304713;0,000082016774;617.267,92
RS;CARLOS BARBOSA;4304804;0,000289789622;2.180.990,90
RS;CARLOS GOMES;4304853;0,000007181255;54.046,97
RS;CASCA;4304903;0,000039822163;299.706,30
RS;CENTENARIO;4305116;0,000008607995;64.784,79
RS;CERRO BRANCO;4305132;0,000017565007;132.196,32
RS;CERRO GRANDE DO SUL;4305173;0,000078162316;588.258,81
RS;CHARQUEADAS;4305355;0,000355090018;2.672.449,4
RS;CHARRUA;4305371;0,000013310097;100.173,36
RS;CHIAPETTA;4305405;0,000038410853;289.084,61
RS;CHUVISCA;4305447;0,000026208541;197.248,57
RS;CIRIACO;4305504;0,000016426511;123.627,86
RS;COLINAS;4305587;0,000033740201;253.932,73
RS;COQUEIRO BAIXO;4305835;0,000008037299;60.489,66
RS;CORONEL BARROS;4305871;0,000021159132;159.246,12
RS;CORONEL PILAR;4305934;0,000007786860;58.604,83
RS;COTIPORA;4305959;0,000042049631;316.470,49
RS;COXILHA;4305975;0,000051482171;387.460,89
RS;CRISTAL;4306056;0,000067795209;510.234,74
RS;CRISTAL DO SUL;4306072;0,000013030887;98.071,99
RS;CRUZ ALTA;4306106;0,000479717737;3.610.412,30
RS;DAVID CANABARRO;4306304;0,000010890778;81.965,28
RS;DERRUBADAS;4306320;0,000039086045;294.166,19
RS;DEZESSEIS DE NOVEMBRO;4306353;0,000008901631;66.994,73
RS;DOIS IRMAOS;4306403;0,000421896901;3.175.245,87
RS;DOIS IRMAOS DAS MISSOES;4306429;0,000014962517;112.609,7
RS;DOIS LAJEADOS;4306452;0,000014556642;109.555,01
RS;DOM PEDRITO;4306601;0,000133983151;1.008.373,01
RS;DOM PEDRO DE ALCANTARA;4306551;0,000016359946;123.126,88
RS;DONA FRANCISCA;4306700;0,000011419538;85.944,79
RS;DOUTOR MAURICIO CARDOSO;4306734;0,000053067486;399.392,16
RS;DOUTOR RICARDO;4306759;0,000008029764;60.432,95
RS;ELDORADO DO SUL;4306767;0,000236663701;1.781.158,94
RS;ENGENHO VELHO;4306924;0,000009059196;68.180,58
RS;ENTRE-IJUIS;4306932;0,000037756295;284.158,33
RS;EREBANGO;4306973;0,000028946982;217.858,40
RS;ERECHIM;4307005;0,000675778719;5.085.990,39
RS;ERVAL GRANDE;4307203;0,000060417271;454.707,51
RS;ERVAL SECO;4307302;0,000085279035;641.820,08
RS;ESMERALDA;4307401;0,000035859174;269.880,38
RS;ESPERANCA DO SUL;4307450;0,000057533598;433.004,65
RS;ESPUMOSO;4307500;0,000109538841;824.402,24
RS;ESTEIO;4307708;0,000965783070;7.268.597,4
RS;ESTRELA VELHA;4307815;0,000035498074;267.162,69
RS;FAGUNDES VARELA;4307864;0,000025205514;189.699,67
RS;FAXINAL DO SOTURNO;4308003;0,000042667867;321.123,40
RS;FAXINALZINHO;4308052;0,000009549597;71.871,4
RS;FAZENDA VILANOVA;4308078;0,000077109930;580.338,43
RS;FLORIANO PEIXOTO;4308250;0,000008476282;63.793,50
RS;FONTOURA XAVIER;4308300;0,000087250549;656.657,93
RS;FORMIGUEIRO;4308409;0,000023644958;177.954,74
RS;FORQUETINHA;4308433;0,000033305871;250.663,92
RS;FORTALEZA DOS VALOS;4308458;0,000053629917;403.625,08
RS;FREDERICO WESTPHALEN;4308508;0,000239149558;1.799.867,80
RS;GARIBALDI;4308607;0,000314768103;2.368.981,89
RS;GARRUCHOS;4308656;0,000020238059;152.314,02
RS;GENTIL;4308854;0,000009559155;71.943,33
RS;GETULIO VARGAS;4308904;0,000160543146;1.208.266,66
RS;GIRUA;4309001;0,000154517509;1.162.917,01
RS;GLORINHA;4309050;0,000129761800;976.602,62
RS;GRAMADO;4309100;0,000541143953;4.072.713,25
RS;HARMONIA;4309555;0,000074688198;562.112,19
RS;HERVEIRAS;4309571;0,000014708317;110.696,53
RS;HORIZONTINA;4309605;0,000257633600;1.938.980,88
RS;HUMAITA;4309704;0,000063881146;480.777,04
RS;IBIACA;4309803;0,000042493419;319.810,49
RS;IBIRAPUITA;4309951;0,000039810994;299.622,24
RS;IBIRUBA;4310009;0,000184268531;1.386.826,71
RS;ILOPOLIS;4310306;0,000040059552;301.492,92
RS;IMBE;4310330;0,000455962898;3.431.630,6
RS;IMIGRANTE;4310363;0,000038897764;292.749,16
RS;INHACORA;4310413;0,000030358956;228.485,09
RS;IPIRANGA DO SUL;4310462;0,000026080438;196.284,45
RS;IRAI;4310504;0,000038169442;287.267,73
RS;ITACURUBI;4310553;0,000018355145;138.142,99
RS;ITAPUCA;4310579;0,000015599018;117.400,05
RS;ITATI;4310652;0,000032014074;240.941,70
RS;ITATIBA DO SUL;4310702;0,000023131684;174.091,78
RS;IVORA;4310751;0,000004660682;35.076,84
RS;JABOTICABA;4310850;0,000018679414;140.583,47
RS;JACUTINGA;4310900;0,000036344451;273.532,63
RS;JAGUARI;4311106;0,00007686836;578.520,36
RS;JARI;4311130;0,000039154086;294.678,27
RS;JOIA;4311155;0,000049776814;374.626,18
RS;JULIO DE CASTILHOS;4311205;0,000173139800;1.303.070,57
RS;LAGOA BONITA DO SUL;4311239;0,000022549786;169.712,35
RS;LAGOA DOS TRES CANTOS;4311270;0,000009767766;73.513,36
RS;LAGOA VERMELHA;4311304;0,000196641001;1.479.943,38
RS;LAGOAO;4311254;0,000054315655;408.786,03
RS;MAMPITUBA;4311734;0,00003986617;300.037,5
RS;MARATA;4311791;0,000013807575;103.917,44
RS;MARIANO MORO;4312005;0,000007024688;52.868,63
RS;MARQUES DE SOUZA;4312054;0,000021963889;165.302,82
RS;MATO QUEIMADO;4312179;0,000011746822;88.407,97
RS;MAXIMILIANO DE ALMEIDA;4312203;0,000035445660;266.768,22
RS;MONTAURI;4312351;0,000008132415;61.205,52
RS;MONTE ALEGRE DOS CAMPOS;4312377;0,000052477907;394.954,92
RS;MONTE BELO DO SUL;4312385;0,000034230180;257.620,37
RS;MONTENEGRO;4312401;0,000609199162;4.584.904,8
RS;MORMACO;4312427;0,000015161025;114.103,66
RS;MORRO REDONDO;4312450;0,000060507824;455.389,0
RS;MORRO REUTER;4312476;0,000068795791;517.765,24
RS;MOSTARDAS;4312500;0,000150950858;1.136.073,97
RS;MULITERNO;4312625;0,000003043711;22.907,33
RS;NICOLAU VERGUEIRO;4312674;0,000009701828;73.017,10
RS;NOVA ALVORADA;4312757;0,000016192663;121.867,89
RS;NOVA BASSANO;4312906;0,000049235894;370.555,15
RS;NOVA BOA VISTA;4312955;0,000034552925;260.049,39
RS;NOVA BRESCIA;4313003;0,000014491373;109.063,78
RS;NOVA CANDELARIA;4313011;0,000047340709;356.291,76
RS;NOVA PADUA;4313086;0,000011493879;86.504,29
RS;NOVA PALMA;4313102;0,000014555793;109.548,62
RS;NOVA PRATA;4313300;0,000128112233;964.187,78
RS;NOVA ROMA DO SUL;4313359;0,000035670844;268.462,98
RS;NOVA SANTA RITA;4313375;0,000446835345;3.362.935,54
RS;NOVO BARREIRO;4313490;0,000043280750;325.736,03
RS;NOVO TIRADENTES;4313441;0,000031075844;233.880,47
RS;PAIM FILHO;4313607;0,000019995107;150.485,54
RS;PALMITINHO;4313805;0,000035288029;265.581,87
RS;PANTANO GRANDE;4313953;0,000137577332;1.035.423,24
RS;PARAISO DO SUL;4314027;0,000028801001;216.759,73
RS;PASSA SETE;4314068;0,000045316726;341.059,03
RS;PASSO DO SOBRADO;4314076;0,000057066091;429.486,14
RS;PAULO BENTO;4314134;0,000021368357;160.820,78
RS;PEDRO OSORIO;4314209;0,000057373949;431.803,1
RS;PICADA CAFE;4314423;0,000068970392;519.079,3
RS;PINHAL;4314456;0,000044656917;336.093,23
RS;PINHAL DA SERRA;4314464;0,000027364394;205.947,66
RS;PINHEIRO MACHADO;4314506;0,000058633229;441.280,60
RS;PIRAPO;4314555;0,000005755712;43.318,17
RS;PIRATINI;4314605;0,000057005511;429.030,20
RS;PLANALTO;4314704;0,000057178178;430.329,72
RS;POCO DAS ANTAS;4314753;0,000023661778;178.081,33
RS;PONTE PRETA;4314787;0,000007181255;54.046,97
RS;PORTO LUCENA;4315008;0,000012601783;94.842,51
RS;PORTO MAUA;4315057;0,000022167283;166.833,59
RS;PORTO VERA CRUZ;4315073;0,000006943465;52.257,34
RS;POUSO NOVO;4315131;0,000009559155;71.943,33
RS;PRESIDENTE LUCENA;4315149;0,000041412841;311.677,93
RS;PROGRESSO;4315156;0,000046961393;353.436,99
RS;PROTASIO ALVES;4315172;0,000021654879;162.977,17
RS;PUTINGA;4315206;0,000029230655;219.993,36
RS;QUARAI;4315305;0,000191884657;1.444.146,57
RS;QUINZE DE NOVEMBRO;4315354;0,000057061096;429.448,54
RS;REDENTORA;4315404;0,000063371976;476.944,97
RS;RELVADO;4315453;0,000007799509;58.700,03
RS;RIO DOS INDIOS;4315552;0,000026192865;197.130,6
RS;RIOZINHO;4315750;0,000046063214;346.677,18
RS;ROCA SALES;4315800;0,000097780768;735.909,60
RS;RODEIO BONITO;4315909;0,000076043080;572.309,19
RS;ROLANTE;4316006;0,000281146043;2.115.938,30
RS;ROQUE GONZALES;4316303;0,000056000899;421.469,37
RS;SAGRADA FAMILIA;4316428;0,000013770158;103.635,83
RS;SALDANHA MARINHO;4316436;0,000028571741;215.034,29
RS;SALTO DO JACUI;4316451;0,000090689476;682.539,70
RS;SALVADOR DAS MISSOES;4316477;0,000014316980;107.751,28
RS;SANANDUVA;4316600;0,000141689679;1.066.373,25
RS;SANTA BARBARA DO SUL;4316709;0,000084365566;634.945,2
RS;SANTA CECILIA DO SUL;4316733;0,000027516968;207.095,95
RS;SANTA CLARA DO SUL;4316758;0,000072432762;545.137,52
RS;SANTA CRUZ DO SUL;4316808;0,001069171717;8.046.712,5
RS;SANTANA DA BOA VISTA;4317004;0,000051469761;387.367,50
RS;SANTANA DO LIVRAMENTO;4317103;0,000475498208;3.578.655,63
RS;SANTO ANGELO;4317509;0,000489607701;3.684.845,34
RS;SANTO ANTONIO DA PATRULHA;4317608;0,000350295793;2.636.367,5
RS;SANTO ANTONIO DAS MISSOES;4317707;0,000101916952;767.039,01
RS;SANTO ANTONIO DO PALMA;4317558;0,000020140120;151.576,92
RS;SANTO EXPEDITO DO SUL;4317954;0,000010938336;82.323,21
RS;SAO DOMINGOS DO SUL;4318051;0,000009178691;69.079,91
RS;SAO FRANCISCO DE ASSIS;4318101;0,000141564023;1.065.427,54
RS;SAO JOAO DA URTIGA;4318424;0,000040145282;302.138,13
RS;SAO JORGE;4318440;0,000028895482;217.470,81
RS;SAO JOSE DO NORTE;4318507;0,000254460487;1.915.099,66
RS;SAO JOSE DO OURO;4318606;0,000058841153;442.845,46
RS;SAO JOSE DO SUL;4318614;0,000015997626;120.400,02
RS;SAO LOURENCO DO SUL;4318804;0,000197629426;1.487.382,38
RS;SAO LUIZ GONZAGA;4318903;0,000252305992;1.898.884,67
RS;SAO MARTINHO;4319109;0,000079902678;601.356,98
RS;SAO MARTINHO DA SERRA;4319125;0,000011413916;85.902,48
RS;SAO MIGUEL DAS MISSOES;4319158;0,000081357111;612.303,22
RS;SAO PAULO DAS MISSOES;4319307;0,000072381974;544.755,28
RS;SAO PEDRO DA SERRA;4319356;0,000050035407;376.572,38
RS;SAO PEDRO DAS MISSOES;4319364;0,000010692600;80.473,77
RS;SAO PEDRO DO BUTIA;4319372;0,000022705316;170.882,89
RS;SAO SEPE;4319604;0,000098451098;740.954,58
RS;SAO VALENTIM;4319703;0,000045570365;342.968,0
RS;SAO VALENTIM DO SUL;4319711;0,000006800792;51.183,56
RS;SAO VENDELINO;4319752;0,000031020250;233.462,06
RS;SAO VICENTE DO SUL;4319802;0,000073837858;555.712,43
RS;SEBERI;4320206;0,000106727638;803.244,80
RS;SEDE NOVA;4320230;0,000037580664;282.836,51
RS;SEGREDO;4320263;0,000046772191;352.013,03
RS;SELBACH;4320305;0,000015124811;113.831,11
RS;SENADOR SALGADO FILHO;4320321;0,000024534435;184.649,05
RS;SENTINELA DO SUL;4320354;0,000054415531;409.537,71
RS;SERIO;4320453;0,000007997592;60.190,82
RS;SERTAO;4320503;0,000053649604;403.773,25
RS;SERTAO SANTANA;4320552;0,000067533064;508.261,81
RS;SEVERIANO DE ALMEIDA;4320602;0,000013316235;100.219,6
RS;SINIMBU;4320677;0,000091306598;687.184,23
RS;SOBRADINHO;4320701;0,000076270905;574.023,83
RS;SOLEDADE;4320800;0,000247990609;1.866.406,59
RS;TABAI;4320859;0,000051466253;387.341,1
RS;TAPEJARA;4320909;0,000345421349;2.599.681,84
RS;TAPERA;4321006;0,000085372097;642.520,48
RS;TAPES;4321105;0,000137778671;1.036.938,54
RS;TIO HUGO;4321469;0,000056392955;424.420,03
RS;TIRADENTES DO SUL;4321477;0,000018772796;141.286,28
RS;TRAVESSEIRO;4321626;0,000011061590;83.250,83
RS;TRES CACHOEIRAS;4321667;0,000125119437;941.663,65
RS;TRES FORQUILHAS;4321832;0,000026413790;198.793,30
RS;TRES PASSOS;4321907;0,000324807943;2.444.542,91
RS;TRIUNFO;4322004;0,000390213079;2.936.789,68
RS;TUCUNDUVA;4322103;0,000015223970;114.577,39
RS;TUPANCI DO SUL;4322186;0,000019013894;143.100,81
RS;TUPARENDI;4322301;0,000032613415;245.452,41
RS;TURUCU;4322327;0,000044861260;337.631,14
RS;UBIRETAMA;4322343;0,000005278936;39.729,9
RS;VALE VERDE;4322525;0,000033515014;252.237,95
RS;VANINI;4322558;0,000009543259;71.823,69
RS;VENANCIO AIRES;4322608;0,000535225742;4.028.172,10
RS;VERA CRUZ;4322707;0,000265266181;1.996.424,58
RS;VIADUTOS;4322905;0,000043415148;326.747,52
RS;VICENTE DUTRA;4323101;0,000056922099;428.402,43
RS;VICTOR GRAEFF;4323200;0,000017680239;133.063,56
RS;VILA FLORES;4323309;0,000050675417;381.389,16
RS;VILA LANGARO;4323358;0,000014410069;108.451,87
RS;VILA NOVA DO SUL;4323457;0,000039976197;300.865,57
RS;VISTA ALEGRE;4323507;0,000012890395;97.014,63
RS;VISTA ALEGRE DO PRATA;4323606;0,000013902307;104.630,40
RS;VISTA GAUCHA;4323705;0,000037969705;285.764,48
RS;VITORIA DAS MISSOES;4323754;0,000012911398;97.172,70
RS;WESTFALIA;4323770;0,00002474795;186.255,95
