;;;;;;
;;;;;;
;;;;;;
;;;;;;
;;;;;;
Indicadores de atendimento e aprendizagem VAAR para o Fundeb 2026;;;;;;
;;;;;;
UF;Ente Federado;"Código
IBGE";"Evoluiu
Atendiment";"Indicador
Atendimento";"Evoluiu
Aprendizagem";"Indicador
Aprendizagem"
RS;ACEGUA;4300034;Sim;0,993421;Não;1,850463
RS;AGUA SANTA;4300059;Sim;0,986985;Não;1,409856
RS;AGUDO;4300109;Sim;0,989273;Não;1,111642
RS;AJURICABA;4300208;Sim;0,998864;Sim;3,23
RS;ALECRIM;4300307;Sim;0,998106;Não;0,00
RS;ALEGRETE;4300406;Sim;0,988533;Sim;0,881972
RS;ALEGRIA;4300455;Sim;0,988402;Sim;2,11
RS;ALMIRANTE TAMANDARE DO SUL;4300471;Sim;0,984812;Não;0,00
RS;ALPESTRE;4300505;Sim;0,995468;Sim;2,56
RS;ALTO ALEGRE;4300554;Sim;1,00;Não;0,00
RS;ALTO FELIZ;4300570;Sim;0,995066;Sim;3,55
RS;ALVORADA;4300604;Sim;0,986867;Não;1,140691
RS;AMARAL FERRADOR;4300638;Sim;0,992322;Não;0,252096
RS;AMETISTA DO SUL;4300646;Sim;0,997031;Não;1,467772
RS;ANDRE DA ROCHA;4300661;Sim;0,979167;Não;2,88
RS;ANTA GORDA;4300703;Sim;0,988426;Não;0,00
RS;ANTONIO PRADO;4300802;Sim;0,990574;Não;1,725531
RS;ARAMBARE;4300851;Sim;0,992168;Não;0,865434
RS;ARARICA;4300877;Sim;0,99852;Sim;2,00
RS;ARATIBA;4300901;Sim;0,995455;Sim;3,26
RS;ARROIO DO MEIO;4301008;Sim;0,984681;Sim;2,45
RS;ARROIO DO PADRE;4301073;Sim;0,997305;Sim;1,494635
RS;ARROIO DO SAL;4301057;Sim;0,987105;Não;1,318275
RS;ARROIO DO TIGRE;4301206;Sim;0,99558;Sim;1,546666
RS;ARROIO DOS RATOS;4301107;Sim;0,9895;Não;0,815052
RS;ARROIO GRANDE;4301305;Sim;0,984443;Sim;1,228821
RS;ARVOREZINHA;4301404;Sim;0,9847;Sim;1,475254
RS;AUGUSTO PESTANA;4301503;Sim;0,99375;Não;3,01
RS;AUREA;4301552;Sim;0,993402;Não;0,657155
RS;BAGE;4301602;Não;0,985848;Sim;1,308186
RS;BALNEARIO PINHAL;4301636;Sim;0,983359;Sim;1,234666
RS;BARAO;4301651;Sim;0,994271;Não;2,04
RS;BARAO DE COTEGIPE;4301701;Sim;0,995249;Não;2,73
RS;BARAO DO TRIUNFO;4301750;Sim;0,995831;Sim;0,723243
RS;BARRA DO GUARITA;4301859;Sim;1,00;Sim;0,823684
RS;BARRA DO QUARAI;4301875;Sim;0,988142;Sim;1,433251
RS;BARRA DO RIBEIRO;4301909;Sim;0,976202;Sim;0,950762
RS;BARRA DO RIO AZUL;4301925;Não;0,979167;Não;0,00
RS;BARRA FUNDA;4301958;Sim;1,00;Não;1,638442
RS;BARRACAO;4301800;Sim;0,994048;Sim;1,649376
RS;BARROS CASSAL;4302006;Sim;0,986834;Sim;0,5915
RS;BENJAMIN CONSTANT DO SUL;4302055;Sim;0,991346;Não;0,00
RS;BENTO GONCALVES;4302105;Sim;0,993845;Não;2,07
RS;BOA VISTA DAS MISSOES;4302154;Sim;0,980633;Sim;0,387572
RS;BOA VISTA DO BURICA;4302204;Não;0,868246;Sim;2,47
RS;BOA VISTA DO CADEADO;4302220;Sim;0,996296;Sim;2,02
RS;BOA VISTA DO INCRA;4302238;Sim;0,995243;Sim;2,82
RS;BOA VISTA DO SUL;4302253;Sim;0,99359;Sim;2,20
RS;BOM JESUS;4302303;Sim;0,991522;Sim;1,292241
RS;BOM PRINCIPIO;4302352;Sim;0,993015;Não;1,852913
RS;BOM PROGRESSO;4302378;Sim;0,995763;Não;0,00
RS;BOM RETIRO DO SUL;4302402;Sim;0,986822;Sim;2,44
RS;BOQUEIRAO DO LEAO;4302451;Sim;0,970609;Não;0,00
RS;BOSSOROCA;4302501;Sim;0,985369;Sim;1,018611
RS;BOZANO;4302584;Sim;1,00;Não;0,00
RS;BRAGA;4302600;Sim;0,981982;Sim;0,379951
RS;BROCHIER;4302659;Sim;0,997326;Sim;1,654055
RS;BUTIA;4302709;Sim;0,987616;Sim;1,038276
RS;CACAPAVA DO SUL;4302808;Sim;0,988659;Não;0,898188
RS;CACEQUI;4302907;Sim;0,990835;Não;0,558627
RS;CACHOEIRA DO SUL;4303004;Não;0,986342;Não;1,54861
RS;CACHOEIRINHA;4303103;Sim;0,988894;Sim;1,494924
RS;CACIQUE DOBLE;4303202;Sim;0,998901;Não;1,133236
RS;CAIBATE;4303301;Sim;0,992345;Sim;0,92015
RS;CAICARA;4303400;Sim;0,995169;Não;1,123895
RS;CAMAQUA;4303509;Sim;0,985288;Não;1,325248
RS;CAMARGO;4303558;Sim;1,00;Não;0,00
RS;CAMBARA DO SUL;4303608;Sim;0,990679;Sim;0,85027
RS;CAMPESTRE DA SERRA;4303673;Sim;0,998649;Sim;2,07
RS;CAMPINA DAS MISSOES;4303707;Sim;0,998911;Sim;4,42
RS;CAMPINAS DO SUL;4303806;Sim;0,991909;Não;0,26202
RS;CAMPO BOM;4303905;Sim;0,994532;Não;2,66
RS;CAMPO NOVO;4304002;Sim;0,995979;Sim;1,919019
RS;CAMPOS BORGES;4304101;Sim;0,990291;Sim;1,118353
RS;CANDELARIA;4304200;Sim;0,991083;Sim;1,772112
RS;CANDIDO GODOI;4304309;Sim;0,997976;Sim;2,04
RS;CANDIOTA;4304358;Sim;0,98887;Não;0,218756
RS;CANELA;4304408;Não;0,914193;Sim;1,387537
RS;CANGUCU;4304507;Sim;0,984275;Sim;2,02
RS;CANOAS;4304606;Não;0,963977;Sim;1,460657
RS;CANUDOS DO VALE;4304614;Sim;0,983957;Sim;2,37
RS;CAPAO BONITO DO SUL;4304622;Sim;0,991525;Sim;2,37
RS;CAPAO DA CANOA;4304630;Sim;0,984347;Não;1,089578
RS;CAPAO DO CIPO;4304655;Sim;0,993949;Não;0,375354
RS;CAPAO DO LEAO;4304663;Sim;0,99229;Não;0,687394
RS;CAPELA DE SANTANA;4304689;Sim;0,989621;Não;1,994276
RS;CAPITAO;4304697;Sim;0,99399;Não;1,447774
RS;CAPIVARI DO SUL;4304671;Sim;0,985523;Sim;1,794141
RS;CARAA;4304713;Sim;0,998503;Sim;2,22
RS;CARAZINHO;4304705;Sim;0,982799;Não;1,135289
RS;CARLOS BARBOSA;4304804;Sim;0,993375;Sim;3,39
RS;CARLOS GOMES;4304853;Sim;1,00;Não;0,00
RS;CASCA;4304903;Sim;0,99577;Não;2,92
RS;CASEIROS;4304952;Sim;0,992695;Sim;1,396934
RS;CATUIPE;4305009;Sim;0,995536;Sim;3,11
RS;CAXIAS DO SUL;4305108;Não;0,983937;Não;1,581899
RS;CENTENARIO;4305116;Sim;1,00;Não;0,00
RS;CERRITO;4305124;Sim;0,99093;Não;0,78543
RS;CERRO BRANCO;4305132;Sim;0,988626;Não;1,564698
RS;CERRO GRANDE;4305157;Não;0,968358;Não;0,00
RS;CERRO GRANDE DO SUL;4305173;Sim;0,99481;Sim;0,471398
RS;CERRO LARGO;4305207;Sim;0,993392;Não;1,660327
RS;CHAPADA;4305306;Sim;0,987471;Não;1,537024
RS;CHARQUEADAS;4305355;Sim;0,990013;Sim;2,33
RS;CHARRUA;4305371;Sim;0,986486;Não;1,550734
RS;CHIAPETTA;4305405;Sim;0,990964;Sim;1,759617
RS;CHUI;4305439;Sim;0,991379;Não;0,642695
RS;CHUVISCA;4305447;Sim;0,983878;Não;0,880965
RS;CIDREIRA;4305454;Sim;0,976914;Não;0,921609
RS;CIRIACO;4305504;Sim;0,998031;Não;0,00
RS;COLINAS;4305587;Sim;0,991379;Sim;2,86
RS;COLORADO;4305603;Sim;0,997674;Não;0,00
RS;CONDOR;4305702;Sim;0,990601;Não;1,251103
RS;CONSTANTINA;4305801;Sim;0,991948;Não;1,131603
RS;COQUEIRO BAIXO;4305835;Sim;1,00;Não;0,00
RS;COQUEIROS DO SUL;4305850;Sim;0,989305;Não;0,00
RS;CORONEL BARROS;4305871;Sim;0,995868;Não;2,29
RS;CORONEL BICACO;4305900;Sim;0,992318;Não;0,811179
RS;CORONEL PILAR;4305934;Sim;0,996403;Não;2,30
RS;COTIPORA;4305959;Sim;0,995743;Sim;2,29
RS;COXILHA;4305975;Sim;0,993693;Sim;1,942231
RS;CRISSIUMAL;4306007;Sim;0,997314;Não;1,966375
RS;CRISTAL;4306056;Sim;0,996753;Sim;1,547679
RS;CRISTAL DO SUL;4306072;Sim;1,00;Não;0,00
RS;CRUZ ALTA;4306106;Sim;0,984914;Sim;1,760994
RS;CRUZALTENSE;4306130;Sim;0,997126;Não;0,636555
RS;CRUZEIRO DO SUL;4306205;Não;0,969109;Não;1,763198
RS;DAVID CANABARRO;4306304;Sim;1,00;Não;0,00
RS;DERRUBADAS;4306320;Sim;0,996923;Sim;2,06
RS;DEZESSEIS DE NOVEMBRO;4306353;Sim;0,993377;Não;0,00
RS;DILERMANDO DE AGUIAR;4306379;Sim;0,995161;Sim;2,17
RS;DOIS IRMAOS;4306403;Sim;0,997818;Sim;2,35
RS;DOIS IRMAOS DAS MISSOES;4306429;Sim;0,986957;Não;0,00
RS;DOIS LAJEADOS;4306452;Sim;0,995833;Não;0,00
RS;DOM FELICIANO;4306502;Sim;0,974337;Não;0,732811
RS;DOM PEDRITO;4306601;Sim;0,985359;Não;0,973595
RS;DOM PEDRO DE ALCANTARA;4306551;Sim;1,00;Não;0,00
RS;DONA FRANCISCA;4306700;Sim;0,996875;Não;0,00
RS;DOUTOR MAURICIO CARDOSO;4306734;Sim;0,995807;Sim;1,90576
RS;DOUTOR RICARDO;4306759;Sim;0,992188;Não;0,00
RS;ELDORADO DO SUL;4306767;Não;0,952732;Sim;1,040326
RS;ENCANTADO;4306809;Sim;0,993332;Não;1,678704
RS;ENCRUZILHADA DO SUL;4306908;Sim;0,989333;Sim;1,298058
RS;ENGENHO VELHO;4306924;Sim;0,993902;Não;0,00
RS;ENTRE RIOS DO SUL;4306957;Sim;0,977622;Não;0,638042
RS;ENTRE-IJUIS;4306932;Sim;0,994444;Não;1,745872
RS;EREBANGO;4306973;Sim;1,00;Sim;3,79
RS;ERECHIM;4307005;Sim;0,993623;Sim;2,33
RS;ERNESTINA;4307054;Sim;0,995665;Não;0,894847
RS;ERVAL GRANDE;4307203;Sim;0,997802;Sim;2,30
RS;ERVAL SECO;4307302;Sim;0,993419;Sim;2,92
RS;ESMERALDA;4307401;Sim;0,993557;Sim;0,970824
RS;ESPERANCA DO SUL;4307450;Sim;1,00;Sim;2,81
RS;ESPUMOSO;4307500;Sim;0,986885;Sim;1,38071
RS;ESTACAO;4307559;Sim;0,989607;Não;2,75
RS;ESTANCIA VELHA;4307609;Sim;0,997168;Não;2,08
RS;ESTEIO;4307708;Sim;0,992217;Sim;1,701344
RS;ESTRELA;4307807;Não;0,989898;Não;1,741378
RS;ESTRELA VELHA;4307815;Sim;1,00;Sim;2,11
RS;EUGENIO DE CASTRO;4307831;Sim;0,994253;Sim;1,156096
RS;FAGUNDES VARELA;4307864;Sim;0,989474;Sim;4,65
RS;FARROUPILHA;4307906;Sim;0,996736;Não;2,37
RS;FAXINAL DO SOTURNO;4308003;Sim;0,995455;Sim;2,74
RS;FAXINALZINHO;4308052;Sim;0,997143;Não;1,429349
RS;FAZENDA VILANOVA;4308078;Sim;0,993103;Sim;2,44
RS;FELIZ;4308102;Sim;0,996534;Não;2,63
RS;FLORES DA CUNHA;4308201;Sim;0,989529;Não;2,16
RS;FLORIANO PEIXOTO;4308250;Sim;0,995968;Não;0,00
RS;FONTOURA XAVIER;4308300;Sim;0,995185;Sim;1,631969
RS;FORMIGUEIRO;4308409;Sim;0,993377;Não;0,482509
RS;FORQUETINHA;4308433;Sim;1,00;Sim;2,08
RS;FORTALEZA DOS VALOS;4308458;Sim;0,992806;Sim;3,42
RS;FREDERICO WESTPHALEN;4308508;Sim;0,986726;Sim;1,798653
RS;GARIBALDI;4308607;Sim;0,996707;Sim;2,95
RS;GARRUCHOS;4308656;Sim;0,984064;Sim;0,721396
RS;GAURAMA;4308706;Sim;0,993599;Não;2,71
RS;GENERAL CAMARA;4308805;Não;0,972746;Não;0,00
RS;GENTIL;4308854;Sim;1,00;Não;0,00
RS;GETULIO VARGAS;4308904;Sim;0,996702;Sim;3,26
RS;GIRUA;4309001;Sim;0,995268;Sim;1,689893
RS;GLORINHA;4309050;Sim;0,992322;Sim;1,754076
RS;GRAMADO;4309100;Sim;0,986026;Sim;1,927896
RS;GRAMADO DOS LOUREIROS;4309126;Sim;0,985844;Não;0,00
RS;GRAMADO XAVIER;4309159;Sim;0,995327;Não;0,761786
RS;GRAVATAI;4309209;Sim;0,989505;Não;1,343451
RS;GUABIJU;4309258;Sim;1,00;Não;0,00
RS;GUAIBA;4309308;Sim;0,985824;Não;1,432267
RS;GUAPORE;4309407;Sim;0,996451;Sim;2,26
RS;GUARANI DAS MISSOES;4309506;Sim;0,992157;Sim;2,60
RS;HARMONIA;4309555;Sim;0,997863;Sim;3,51
RS;HERVAL;4307104;Sim;0,983422;Não;0,695572
RS;HERVEIRAS;4309571;Sim;0,994389;Não;0,00
RS;HORIZONTINA;4309605;Sim;0,996631;Sim;2,51
RS;HULHA NEGRA;4309654;Sim;0,989376;Não;0,517519
RS;HUMAITA;4309704;Sim;0,997024;Sim;2,89
RS;IBARAMA;4309753;Sim;0,995459;Sim;2,69
RS;IBIACA;4309803;Sim;0,992084;Sim;2,20
RS;IBIRAIARAS;4309902;Sim;0,997512;Sim;2,46
RS;IBIRAPUITA;4309951;Sim;0,99359;Sim;0,464785
RS;IBIRUBA;4310009;Sim;0,99455;Sim;3,17
RS;IGREJINHA;4310108;Sim;0,993556;Não;2,09
RS;IJUI;4310207;Sim;0,998948;Não;2,45
RS;ILOPOLIS;4310306;Sim;0,989226;Sim;2,87
RS;IMBE;4310330;Sim;0,988739;Sim;1,627479
RS;IMIGRANTE;4310363;Sim;0,984684;Sim;1,845866
RS;INDEPENDENCIA;4310405;Sim;0,993985;Não;1,33486
RS;INHACORA;4310413;Sim;0,996466;Sim;1,570538
RS;IPE;4310439;Sim;0,995104;Não;1,507894
RS;IPIRANGA DO SUL;4310462;Sim;0,990362;Sim;4,22
RS;IRAI;4310504;Sim;0,990075;Não;0,00
RS;ITAARA;4310538;Sim;0,987601;Não;1,374602
RS;ITACURUBI;4310553;Não;0,985235;Sim;2,67
RS;ITAPUCA;4310579;Sim;1,00;Não;0,00
RS;ITAQUI;4310603;Sim;0,988648;Não;0,778954
RS;ITATI;4310652;Sim;0,995984;Sim;2,18
RS;ITATIBA DO SUL;4310702;Sim;0,981982;Sim;1,530524
RS;IVORA;4310751;Sim;1,00;Não;0,00
RS;IVOTI;4310801;Sim;0,996931;Não;2,26
RS;JABOTICABA;4310850;Sim;0,995238;Não;1,472921
RS;JACUIZINHO;4310876;Sim;0,987474;Sim;1,44004
RS;JACUTINGA;4310900;Sim;0,997959;Sim;4,40
RS;JAGUARAO;4311007;Sim;0,973896;Não;0,750726
RS;JAGUARI;4311106;Sim;0,999296;Sim;2,04
RS;JAQUIRANA;4311122;Sim;0,996552;Não;0,51975
RS;JARI;4311130;Sim;0,995313;Sim;5,07
RS;JOIA;4311155;Sim;0,997076;Sim;1,494627
RS;JULIO DE CASTILHOS;4311205;Sim;0,993256;Sim;1,225439
RS;LAGOA BONITA DO SUL;4311239;Sim;0,994898;Sim;2,57
RS;LAGOA DOS TRES CANTOS;4311270;Sim;0,996689;Não;0,00
RS;LAGOA VERMELHA;4311304;Sim;0,989255;Sim;2,05
RS;LAGOAO;4311254;Sim;0,99535;Sim;0,58757
RS;LAJEADO;4311403;Sim;0,990482;Não;1,995268
RS;LAJEADO DO BUGRE;4311429;Sim;0,992424;Não;0,00
RS;LAVRAS DO SUL;4311502;Sim;0,976524;Não;1,013839
RS;LIBERATO SALZANO;4311601;Sim;0,998016;Não;1,053943
RS;LINDOLFO COLLOR;4311627;Sim;0,992944;Não;1,317666
RS;LINHA NOVA;4311643;Não;0,9375;Não;0,00
RS;MACAMBARA;4311718;Não;0,735622;Sim;1,219115
RS;MACHADINHO;4311700;Sim;0,993721;Não;0,993085
RS;MAMPITUBA;4311734;Sim;0,990028;Sim;1,76015
RS;MANOEL VIANA;4311759;Sim;0,983435;Sim;1,183041
RS;MAQUINE;4311775;Sim;0,987721;Não;0,00
RS;MARATA;4311791;Sim;0,988152;Não;0,00
RS;MARAU;4311809;Sim;0,987294;Não;1,412312
RS;MARCELINO RAMOS;4311908;Não;0,976062;Não;1,189119
RS;MARIANA PIMENTEL;4311981;Sim;0,986657;Sim;1,69004
RS;MARIANO MORO;4312005;Sim;0,987603;Não;0,00
RS;MARQUES DE SOUZA;4312054;Sim;0,997085;Não;2,37
RS;MATA;4312104;Sim;0,997085;Não;1,074913
RS;MATO CASTELHANO;4312138;Não;0,976531;Não;0,00
RS;MATO LEITAO;4312153;Sim;0,99547;Sim;2,71
RS;MATO QUEIMADO;4312179;Sim;1,00;Não;1,769958
RS;MAXIMILIANO DE ALMEIDA;4312203;Sim;0,997942;Sim;0,532256
RS;MINAS DO LEAO;4312252;Sim;0,993557;Não;1,440425
RS;MIRAGUAI;4312302;Sim;0,998004;Não;1,42066
RS;MONTAURI;4312351;Sim;1,00;Não;0,00
RS;MONTE ALEGRE DOS CAMPOS;4312377;Sim;0,989984;Sim;1,445674
RS;MONTE BELO DO SUL;4312385;Sim;0,994424;Sim;2,92
RS;MONTENEGRO;4312401;Sim;0,992392;Sim;1,456463
RS;MORMACO;4312427;Sim;0,995763;Não;1,843886
RS;MORRINHOS DO SUL;4312443;Não;0,979554;Não;0,00
RS;MORRO REDONDO;4312450;Sim;0,989888;Sim;2,62
RS;MORRO REUTER;4312476;Sim;0,998004;Sim;1,869696
RS;MOSTARDAS;4312500;Sim;0,993791;Sim;1,543288
RS;MUCUM;4312609;Não;0,87037;Não;1,930435
RS;MUITOS CAPOES;4312617;Sim;1,00;Sim;2,52
RS;MULITERNO;4312625;Sim;1,00;Não;0,00
RS;NAO-ME-TOQUE;4312658;Sim;0,989968;Não;1,408129
RS;NICOLAU VERGUEIRO;4312674;Sim;1,00;Não;0,00
RS;NONOAI;4312708;Sim;0,988764;Não;1,068256
RS;NOVA ALVORADA;4312757;Sim;0,995798;Não;0,00
RS;NOVA ARACA;4312807;Sim;1,00;Não;1,152466
RS;NOVA BASSANO;4312906;Sim;0,99483;Não;1,730741
RS;NOVA BOA VISTA;4312955;Sim;0,996212;Sim;4,31
RS;NOVA BRESCIA;4313003;Sim;0,988987;Não;4,23
RS;NOVA CANDELARIA;4313011;Sim;0,989955;Sim;4,11
RS;NOVA ESPERANCA DO SUL;4313037;Sim;0,995392;Sim;1,567115
RS;NOVA HARTZ;4313060;Sim;0,995859;Não;1,998994
RS;NOVA PADUA;4313086;Sim;0,990217;Não;0,00
RS;NOVA PALMA;4313102;Não;0,985075;Sim;1,172733
RS;NOVA PETROPOLIS;4313201;Não;0,990645;Não;2,43
RS;NOVA PRATA;4313300;Sim;0,995558;Não;1,919191
RS;NOVA RAMADA;4313334;Sim;0,996364;Não;1,773039
RS;NOVA ROMA DO SUL;4313359;Sim;0,989609;Sim;5,86
RS;NOVA SANTA RITA;4313375;Sim;0,985031;Sim;1,956031
RS;NOVO BARREIRO;4313490;Sim;0,998724;Sim;1,749511
RS;NOVO CABRAIS;4313391;Sim;0,991247;Não;1,248486
RS;NOVO HAMBURGO;4313409;Não;0,991671;Não;1,978069
RS;NOVO MACHADO;4313425;Não;0,956471;Não;0,00
RS;NOVO TIRADENTES;4313441;Sim;0,997449;Sim;2,68
RS;NOVO XINGU;4313466;Não;0,980828;Não;0,00
RS;OSORIO;4313508;Sim;0,991186;Não;1,231837
RS;PAIM FILHO;4313607;Sim;0,998403;Não;1,135814
RS;PALMARES DO SUL;4313656;Não;0,9611;Não;0,817459
RS;PALMEIRA DAS MISSOES;4313706;Sim;0,993479;Sim;1,364172
RS;PALMITINHO;4313805;Sim;0,993421;Não;1,879845
RS;PANAMBI;4313904;Sim;0,997016;Sim;2,34
RS;PANTANO GRANDE;4313953;Sim;0,990415;Sim;1,101379
RS;PARAI;4314001;Sim;0,997845;Sim;1,679581
RS;PARAISO DO SUL;4314027;Sim;0,990196;Não;0,695065
RS;PARECI NOVO;4314035;Não;0,986289;Sim;2,03
RS;PAROBE;4314050;Sim;0,987966;Não;1,462558
RS;PASSA SETE;4314068;Sim;0,993435;Sim;0,864141
RS;PASSO DO SOBRADO;4314076;Sim;0,98958;Sim;1,55006
RS;PASSO FUNDO;4314100;Não;0,985064;Não;1,522976
RS;PAULO BENTO;4314134;Sim;0,997207;Sim;1,726128
RS;PAVERAMA;4314159;Sim;0,979218;Sim;1,185646
RS;PEDRAS ALTAS;4314175;Não;0,928832;Não;0,18912
RS;PEDRO OSORIO;4314209;Sim;0,995088;Sim;0,564841
RS;PEJUCARA;4314308;Sim;0,997487;Sim;1,490967
RS;PELOTAS;4314407;Sim;0,988963;Não;0,856495
RS;PICADA CAFE;4314423;Sim;0,997436;Sim;4,05
RS;PINHAL;4314456;Sim;0,998452;Sim;2,93
RS;PINHAL DA SERRA;4314464;Sim;0,98855;Sim;2,47
RS;PINHAL GRANDE;4314472;Sim;0,996805;Não;0,839723
RS;PINHEIRINHO DO VALE;4314498;Sim;0,998599;Não;2,29
RS;PINHEIRO MACHADO;4314506;Sim;0,991095;Não;0,719896
RS;PINTO BANDEIRA;4314548;Sim;0,987106;Não;0,00
RS;PIRAPO;4314555;Sim;0,987603;Não;0,00
RS;PIRATINI;4314605;Sim;0,989378;Não;0,497205
RS;PLANALTO;4314704;Sim;0,991985;Não;2,30
RS;POCO DAS ANTAS;4314753;Sim;1,00;Sim;3,57
RS;PONTAO;4314779;Sim;0,997297;Não;1,352373
RS;PONTE PRETA;4314787;Sim;1,00;Não;0,00
RS;PORTAO;4314803;Sim;0,991968;Não;2,28
RS;PORTO ALEGRE;4314902;Não;0,983729;Não;0,563439
RS;PORTO LUCENA;4315008;Sim;0,995098;Não;0,00
RS;PORTO MAUA;4315057;Sim;1,00;Sim;2,63
RS;PORTO VERA CRUZ;4315073;Sim;1,00;Não;0,00
RS;PORTO XAVIER;4315107;Sim;0,998705;Sim;1,088055
RS;POUSO NOVO;4315131;Sim;1,00;Não;0,00
RS;PRESIDENTE LUCENA;4315149;Sim;0,996721;Sim;3,43
RS;PROGRESSO;4315156;Sim;0,996193;Sim;2,97
RS;PROTASIO ALVES;4315172;Sim;0,994382;Sim;3,99
RS;PUTINGA;4315206;Sim;0,981715;Sim;3,98
RS;QUARAI;4315305;Sim;0,991245;Sim;2,08
RS;QUATRO IRMAOS;4315313;Sim;0,993464;Não;1,038456
RS;QUEVEDOS;4315321;Sim;0,991477;Não;0,00
RS;QUINZE DE NOVEMBRO;4315354;Sim;0,991933;Sim;3,46
RS;REDENTORA;4315404;Sim;0,995652;Sim;0,755084
RS;RELVADO;4315453;Sim;1,00;Não;0,00
RS;RESTINGA SECA;4315503;Sim;0,991919;Não;1,095297
RS;RIO DOS INDIOS;4315552;Sim;1,00;Sim;0,446434
RS;RIO GRANDE;4315602;Sim;0,984064;Não;1,364867
RS;RIO GRANDE DO SUL;43;Sim;0,968757;Não;0,913052
RS;RIO PARDO;4315701;Sim;0,991126;Sim;1,703383
RS;RIOZINHO;4315750;Sim;1,00;Sim;1,289716
RS;ROCA SALES;4315800;Sim;0,98551;Sim;2,14
RS;RODEIO BONITO;4315909;Sim;0,989142;Sim;2,42
RS;ROLADOR;4315958;Sim;0,99422;Não;0,00
RS;ROLANTE;4316006;Sim;0,991614;Sim;2,56
RS;RONDA ALTA;4316105;Sim;0,992188;Sim;1,018947
RS;RONDINHA;4316204;Sim;1,00;Sim;2,92
RS;ROQUE GONZALES;4316303;Sim;0,992012;Sim;1,640573
RS;ROSARIO DO SUL;4316402;Sim;0,995295;Sim;0,955572
RS;SAGRADA FAMILIA;4316428;Sim;0,991667;Não;0,00
RS;SALDANHA MARINHO;4316436;Sim;1,00;Sim;1,629541
RS;SALTO DO JACUI;4316451;Sim;0,971028;Sim;1,067597
RS;SALVADOR DAS MISSOES;4316477;Sim;0,992386;Não;0,00
RS;SALVADOR DO SUL;4316501;Sim;0,994689;Não;3,31
RS;SANANDUVA;4316600;Sim;0,995932;Sim;1,639872
RS;SANTA BARBARA DO SUL;4316709;Sim;0,985577;Sim;1,457901
RS;SANTA CECILIA DO SUL;4316733;Sim;0,990991;Sim;2,77
RS;SANTA CLARA DO SUL;4316758;Sim;0,999002;Sim;2,56
RS;SANTA CRUZ DO SUL;4316808;Sim;0,9874;Sim;2,07
RS;SANTA MARGARIDA DO SUL;4316972;Sim;0,998377;Sim;1,737483
RS;SANTA MARIA;4316907;Sim;0,987994;Não;1,530742
RS;SANTA MARIA DO HERVAL;4316956;Sim;0,997917;Não;2,80
RS;SANTA ROSA;4317202;Sim;0,996401;Não;2,45
RS;SANTA TEREZA;4317251;Sim;1,00;Não;0,00
RS;SANTA VITORIA DO PALMAR;4317301;Sim;0,986381;Sim;0,833655
RS;SANTANA DA BOA VISTA;4317004;Sim;0,986207;Sim;1,287171
RS;SANTANA DO LIVRAMENTO;4317103;Sim;0,987824;Sim;0,982688
RS;SANTIAGO;4317400;Sim;0,995435;Não;1,316792
RS;SANTO ANGELO;4317509;Sim;0,991919;Sim;1,739223
RS;SANTO ANTONIO DA PATRULHA;4317608;Sim;0,994157;Sim;2,15
RS;SANTO ANTONIO DAS MISSOES;4317707;Sim;0,988801;Sim;1,775393
RS;SANTO ANTONIO DO PALMA;4317558;Sim;0,994048;Sim;2,84
RS;SANTO ANTONIO DO PLANALTO;4317756;Sim;1,00;Não;3,90
RS;SANTO AUGUSTO;4317806;Sim;0,99412;Não;1,576013
RS;SANTO CRISTO;4317905;Sim;0,997715;Não;1,433088
RS;SANTO EXPEDITO DO SUL;4317954;Sim;1,00;Não;0,00
RS;SAO BORJA;4318002;Não;0,988262;Sim;1,750664
RS;SAO DOMINGOS DO SUL;4318051;Sim;1,00;Não;0,00
RS;SAO FRANCISCO DE ASSIS;4318101;Sim;0,988644;Sim;0,916686
RS;SAO FRANCISCO DE PAULA;4318200;Sim;0,990226;Sim;0,839681
RS;SAO GABRIEL;4318309;Não;0,980543;Sim;1,240856
RS;SAO JERONIMO;4318408;Sim;0,980375;Não;0,518995
RS;SAO JOAO DA URTIGA;4318424;Sim;0,99705;Sim;1,70981
RS;SAO JOAO DO POLESINE;4318432;Sim;0,991736;Não;0,00
RS;SAO JORGE;4318440;Sim;1,00;Sim;4,80
RS;SAO JOSE DAS MISSOES;4318457;Não;0,943103;Não;1,04733
RS;SAO JOSE DO HERVAL;4318465;Sim;0,996575;Sim;0,712694
RS;SAO JOSE DO HORTENCIO;4318481;Sim;0,997706;Não;2,89
RS;SAO JOSE DO INHACORA;4318499;Sim;0,998062;Não;1,768878
RS;SAO JOSE DO NORTE;4318507;Sim;0,987305;Sim;1,452999
RS;SAO JOSE DO OURO;4318606;Sim;0,988807;Sim;2,57
RS;SAO JOSE DO SUL;4318614;Sim;0,995671;Não;3,15
RS;SAO JOSE DOS AUSENTES;4318622;Sim;0,9889;Não;1,117691
RS;SAO LEOPOLDO;4318705;Não;0,96977;Não;1,343297
RS;SAO LOURENCO DO SUL;4318804;Sim;0,992997;Não;1,773498
RS;SAO LUIZ GONZAGA;4318903;Sim;0,986829;Sim;1,508761
RS;SAO MARCOS;4319000;Sim;0,985198;Não;1,417197
RS;SAO MARTINHO;4319109;Sim;0,993825;Sim;2,78
RS;SAO MARTINHO DA SERRA;4319125;Sim;1,00;Não;0,00
RS;SAO MIGUEL DAS MISSOES;4319158;Sim;0,986853;Sim;1,277127
RS;SAO NICOLAU;4319208;Sim;0,989426;Não;0,41287
RS;SAO PAULO DAS MISSOES;4319307;Sim;0,995475;Sim;2,15
RS;SAO PEDRO DA SERRA;4319356;Sim;0,998547;Sim;4,83
RS;SAO PEDRO DAS MISSOES;4319364;Sim;0,982323;Não;0,00
RS;SAO PEDRO DO BUTIA;4319372;Sim;0,994152;Sim;1,509733
RS;SAO PEDRO DO SUL;4319406;Sim;0,993156;Sim;1,836522
RS;SAO SEBASTIAO DO CAI;4319505;Sim;0,98537;Não;0,947268
RS;SAO SEPE;4319604;Sim;0,992113;Não;1,246825
RS;SAO VALENTIM;4319703;Sim;0,99734;Sim;3,51
RS;SAO VALENTIM DO SUL;4319711;Sim;1,00;Não;0,00
RS;SAO VALERIO DO SUL;4319737;Sim;1,00;Sim;1,522305
RS;SAO VENDELINO;4319752;Sim;1,00;Sim;4,81
RS;SAO VICENTE DO SUL;4319802;Sim;0,990253;Sim;2,43
RS;SAPIRANGA;4319901;Sim;0,988958;Não;2,12
RS;SAPUCAIA DO SUL;4320008;Sim;0,995405;Não;1,610986
RS;SARANDI;4320107;Sim;0,992876;Não;1,352167
RS;SEBERI;4320206;Sim;0,99107;Sim;1,041592
RS;SEDE NOVA;4320230;Sim;0,994169;Sim;1,574916
RS;SEGREDO;4320263;Sim;0,990945;Sim;1,313567
RS;SELBACH;4320305;Sim;0,997561;Não;0,00
RS;SENADOR SALGADO FILHO;4320321;Sim;0,997608;Sim;3,29
RS;SENTINELA DO SUL;4320354;Sim;0,987847;Sim;2,08
RS;SERAFINA CORREA;4320404;Sim;0,993873;Não;1,494999
RS;SERIO;4320453;Não;0,882813;Sim;3,20
RS;SERTAO;4320503;Sim;0,992007;Sim;2,81
RS;SERTAO SANTANA;4320552;Sim;0,987413;Sim;1,814905
RS;SETE DE SETEMBRO;4320578;Sim;0,995968;Não;0,00
RS;SEVERIANO DE ALMEIDA;4320602;Sim;1,00;Não;1,011725
RS;SILVEIRA MARTINS;4320651;Sim;0,987377;Não;0,760339
RS;SINIMBU;4320677;Sim;0,990058;Sim;1,952646
RS;SOBRADINHO;4320701;Sim;0,984788;Não;1,531332
RS;SOLEDADE;4320800;Sim;0,9882;Sim;2,14
RS;TABAI;4320859;Sim;0,991931;Sim;1,156432
RS;TAPEJARA;4320909;Sim;0,996373;Sim;2,01
RS;TAPERA;4321006;Sim;0,986552;Sim;2,54
RS;TAPES;4321105;Sim;0,986797;Sim;2,09
RS;TAQUARA;4321204;Sim;0,993658;Sim;1,670431
RS;TAQUARI;4321303;Sim;0,980569;Sim;1,456795
RS;TAQUARUCU DO SUL;4321329;Sim;1,00;Não;1,852496
RS;TAVARES;4321352;Sim;0,992611;Não;0,436348
RS;TENENTE PORTELA;4321402;Sim;0,994672;Não;0,985204
RS;TERRA DE AREIA;4321436;Sim;0,986738;Não;1,443172
RS;TEUTONIA;4321451;Sim;0,994099;Não;1,904208
RS;TIO HUGO;4321469;Sim;0,992708;Sim;3,21
RS;TIRADENTES DO SUL;4321477;Sim;0,98653;Não;0,668993
RS;TOROPI;4321493;Sim;0,994475;Não;2,52
RS;TORRES;4321501;Sim;0,992318;Não;1,920899
RS;TRAMANDAI;4321600;Sim;0,97616;Não;1,391855
RS;TRAVESSEIRO;4321626;Sim;0,994012;Não;0,00
RS;TRES ARROIOS;4321634;Sim;1,00;Não;0,00
RS;TRES CACHOEIRAS;4321667;Sim;0,996248;Sim;2,38
RS;TRES COROAS;4321709;Sim;0,99096;Não;1,9264
RS;TRES DE MAIO;4321808;Sim;0,992954;Não;1,754003
RS;TRES FORQUILHAS;4321832;Sim;0,977778;Sim;0,885225
RS;TRES PALMEIRAS;4321857;Sim;0,991702;Sim;1,122847
RS;TRES PASSOS;4321907;Sim;0,99623;Sim;2,60
RS;TRINDADE DO SUL;4321956;Sim;0,988706;Não;1,080609
RS;TRIUNFO;4322004;Sim;0,989511;Sim;2,47
RS;TUCUNDUVA;4322103;Sim;0,990566;Não;0,903452
RS;TUNAS;4322152;Sim;0,994505;Sim;0,100781
RS;TUPANCI DO SUL;4322186;Sim;1,00;Sim;4,71
RS;TUPANCIRETA;4322202;Sim;0,993483;Não;1,315807
RS;TUPANDI;4322251;Sim;0,993464;Não;3,02
RS;TUPARENDI;4322301;Sim;0,991363;Não;2,53
RS;TURUCU;4322327;Sim;0,99653;Sim;2,06
RS;UBIRETAMA;4322343;Sim;1,00;Não;0,00
RS;UNIAO DA SERRA;4322350;Sim;1,00;Não;0,00
RS;UNISTALDA;4322376;Não;0,891975;Não;0,672375
RS;URUGUAIANA;4322400;Sim;0,988701;Não;0,930464
RS;VACARIA;4322509;Sim;0,994465;Sim;1,237001
RS;VALE DO SOL;4322533;Sim;0,986553;Sim;1,220704
RS;VALE REAL;4322541;Sim;0,993262;Não;1,798056
RS;VALE VERDE;4322525;Sim;0,993548;Sim;1,687823
RS;VANINI;4322558;Sim;0,99697;Não;0,00
RS;VENANCIO AIRES;4322608;Sim;0,985164;Sim;2,33
RS;VERA CRUZ;4322707;Sim;0,992312;Sim;1,867254
RS;VERANOPOLIS;4322806;Sim;0,993831;Sim;2,57
RS;VESPASIANO CORREA;4322855;Não;0,983193;Não;0,00
RS;VIADUTOS;4322905;Sim;0,997076;Sim;4,25
RS;VIAMAO;4323002;Sim;0,98036;Não;1,407416
RS;VICENTE DUTRA;4323101;Sim;0,994048;Sim;1,693302
RS;VICTOR GRAEFF;4323200;Sim;0,998423;Não;2,20
RS;VILA FLORES;4323309;Sim;0,997481;Sim;3,19
RS;VILA LANGARO;4323358;Sim;1,00;Não;1,458316
RS;VILA MARIA;4323408;Sim;0,998316;Sim;1,971117
RS;VILA NOVA DO SUL;4323457;Sim;0,99;Sim;1,212075
RS;VISTA ALEGRE;4323507;Sim;0,997159;Não;0,00
RS;VISTA ALEGRE DO PRATA;4323606;Sim;1,00;Sim;2,85
RS;VISTA GAUCHA;4323705;Sim;0,982611;Sim;3,71
RS;VITORIA DAS MISSOES;4323754;Sim;0,993827;Não;0,00
RS;WESTFALIA;4323770;Sim;0,998677;Não;2,89
RS;XANGRI-LA;4323804;Sim;0,984161;Não;1,220808
